<keymap version="1" name="GNOME basic" parent="Default for GNOME">
  <action id="$Redo">
    <keyboard-shortcut first-keystroke="shift ctrl z" />
    <keyboard-shortcut first-keystroke="shift alt back_space" />
    <keyboard-shortcut first-keystroke="ctrl y" />
  </action>
  <action id="ActivateAEMInstancesToolWindow">
    <keyboard-shortcut first-keystroke="ctrl t" second-keystroke="a" />
  </action>
  <action id="ActivateCoverageToolWindow">
    <keyboard-shortcut first-keystroke="ctrl t" second-keystroke="c" />
  </action>
  <action id="ActivateMavenToolWindow">
    <keyboard-shortcut first-keystroke="ctrl t" second-keystroke="m" />
  </action>
  <action id="ActivateNotificationsToolWindow">
    <keyboard-shortcut first-keystroke="ctrl t" second-keystroke="n" />
  </action>
  <action id="ActivateProblemsViewToolWindow">
    <keyboard-shortcut first-keystroke="ctrl t" second-keystroke="p" />
  </action>
  <action id="ActivateSonarLintToolWindow">
    <keyboard-shortcut first-keystroke="ctrl t" second-keystroke="s" />
  </action>
  <action id="ActivateVersionControlToolWindow">
    <keyboard-shortcut first-keystroke="alt g" />
  </action>
  <action id="Activatedocumentation.v2ToolWindow">
    <keyboard-shortcut first-keystroke="alt 6" />
  </action>
  <action id="Back">
    <mouse-shortcut keystroke="button4" />
  </action>
  <action id="ChangesView.UnshelveSilently" />
  <action id="CloseContent">
    <keyboard-shortcut first-keystroke="ctrl f4" />
    <keyboard-shortcut first-keystroke="ctrl w" />
  </action>
  <action id="CompareTwoFiles" />
  <action id="Console.TableResult.CopyAggregatorResult" />
  <action id="CopyAbsolutePath" />
  <action id="CopyAsPlainText">
    <keyboard-shortcut first-keystroke="shift ctrl c" />
  </action>
  <action id="CopyPaths" />
  <action id="DatabaseView.CopyDdlAction">
    <keyboard-shortcut first-keystroke="shift ctrl alt g" />
  </action>
  <action id="Diff.ApplyLeftSide">
    <keyboard-shortcut first-keystroke="alt l" />
  </action>
  <action id="Diff.ApplyRightSide">
    <keyboard-shortcut first-keystroke="alt r" />
  </action>
  <action id="Diff.NextChange" />
  <action id="Diff.PrevChange" />
  <action id="Diff.ShowDiff" />
  <action id="DomCollectionControl.Add" />
  <action id="DomElementsTreeView.AddElement" />
  <action id="DuplicatesForm.SendToLeft" />
  <action id="Editor Redo">
    <keyboard-shortcut first-keystroke="ctrl y" />
  </action>
  <action id="EditorBackSpace">
    <keyboard-shortcut first-keystroke="back_space" />
  </action>
  <action id="EditorDeleteLine">
    <keyboard-shortcut first-keystroke="shift back_space" />
  </action>
  <action id="EditorMoveToPageBottomWithSelection" />
  <action id="EditorMoveToPageTopWithSelection" />
  <action id="EditorScrollToCenter" />
  <action id="EditorSelectWord">
    <keyboard-shortcut first-keystroke="ctrl e" />
  </action>
  <action id="EditorToggleInsertState" />
  <action id="FileChooser.GotoDesktop" />
  <action id="FileChooser.GotoHome" />
  <action id="Forward">
    <mouse-shortcut keystroke="button5" />
  </action>
  <action id="GotoBookmark1" />
  <action id="GotoPreviousError" />
  <action id="GotoSuperMethod" />
  <action id="GuiDesigner.Duplicate" />
  <action id="Images.EditExternally" />
  <action id="Markdown.Layout.EditorAndPreview">
    <keyboard-shortcut first-keystroke="alt m" second-keystroke="p" />
  </action>
  <action id="Markdown.Layout.EditorOnly">
    <keyboard-shortcut first-keystroke="alt m" second-keystroke="e" />
  </action>
  <action id="NextEditorTab" />
  <action id="NextOccurence" />
  <action id="NextSplitter">
    <keyboard-shortcut first-keystroke="ctrl 1" />
  </action>
  <action id="OpenInBrowser">
    <keyboard-shortcut first-keystroke="alt b" />
  </action>
  <action id="PreviousEditorTab" />
  <action id="PreviousOccurence" />
  <action id="RecentFiles" />
  <action id="RemoteHostView.CopyPaths" />
  <action id="RenameElement">
    <keyboard-shortcut first-keystroke="shift f6" />
    <keyboard-shortcut first-keystroke="shift f2" />
  </action>
  <action id="Replace">
    <keyboard-shortcut first-keystroke="ctrl r" />
    <keyboard-shortcut first-keystroke="shift alt 4" />
  </action>
  <action id="ResizeToolWindowDown">
    <keyboard-shortcut first-keystroke="shift ctrl alt down" />
    <keyboard-shortcut first-keystroke="shift alt down" />
  </action>
  <action id="ResizeToolWindowLeft">
    <keyboard-shortcut first-keystroke="shift ctrl alt left" />
    <keyboard-shortcut first-keystroke="shift alt left" />
  </action>
  <action id="ResizeToolWindowRight">
    <keyboard-shortcut first-keystroke="shift ctrl alt right" />
    <keyboard-shortcut first-keystroke="shift alt right" />
  </action>
  <action id="ResizeToolWindowUp">
    <keyboard-shortcut first-keystroke="shift ctrl alt up" />
    <keyboard-shortcut first-keystroke="shift alt up" />
  </action>
  <action id="RunDashboard.CopyConfiguration" />
  <action id="SendEOF" />
  <action id="ShowPopupMenu">
    <keyboard-shortcut first-keystroke="context_menu" />
    <keyboard-shortcut first-keystroke="ctrl f10" />
  </action>
  <action id="ShowUmlDiagramPopup" />
  <action id="SmartSelect">
    <keyboard-shortcut first-keystroke="ctrl e" />
  </action>
  <action id="SplitVertically">
    <keyboard-shortcut first-keystroke="ctrl back_slash" />
  </action>
  <action id="SwitcherIterateItems" />
  <action id="SwitcherPreviousProblem" />
  <action id="SwitcherRecentEditedChangedToggleCheckBox" />
  <action id="Terminal.CopySelectedText">
    <keyboard-shortcut first-keystroke="ctrl c" />
    <keyboard-shortcut first-keystroke="ctrl insert" />
  </action>
  <action id="Tool_External Tools_repo get">
    <keyboard-shortcut first-keystroke="ctrl alt u" />
  </action>
  <action id="Tool_External Tools_repo put">
    <keyboard-shortcut first-keystroke="alt u" />
  </action>
  <action id="UpdateRunningApplication" />
  <action id="UsageFiltering.WriteAccess" />
  <action id="UsageView.Include" />
  <action id="Vcs.ShowMessageHistory" />
  <action id="Vcs.ToggleAmendCommitMode" />
  <action id="Vcs.UpdateProject" />
  <action id="WelcomeScreen.CopyProjectPath" />
  <action id="XDebugger.CopyWatch" />
  <action id="XDebugger.NewWatch" />
  <action id="aem.VltPull" />
  <action id="aem.VltPush" />
  <action id="openAssertEqualsDiff" />
  <action id="org.asciidoc.intellij.actions.asciidoc.CreateHtmlAction">
    <keyboard-shortcut first-keystroke="alt a" second-keystroke="h" />
  </action>
  <action id="org.asciidoc.intellij.actions.asciidoc.CreatePdfAction">
    <keyboard-shortcut first-keystroke="alt a" second-keystroke="f" />
  </action>
  <action id="org.asciidoc.intellij.actions.editorlayout.EditorAndPreviewLayoutChangeAction">
    <keyboard-shortcut first-keystroke="alt a" second-keystroke="p" />
  </action>
  <action id="org.asciidoc.intellij.actions.editorlayout.EditorOnlyLayoutChangeAction">
    <keyboard-shortcut first-keystroke="alt a" second-keystroke="e" />
  </action>
  <action id="org.intellij.plugins.markdown.ui.actions.styling.InsertImageAction" />
  <action id="org.intellij.plugins.markdown.ui.actions.styling.ToggleCodeSpanAction" />
</keymap>