<keymap version="1" name="macOS copy" parent="Mac OS X 10.5+">
  <action id="ActivateVersionControlToolWindow">
    <keyboard-shortcut first-keystroke="meta 9" />
    <keyboard-shortcut first-keystroke="alt g" />
  </action>
  <action id="CollapseSelection" />
  <action id="Debug">
    <keyboard-shortcut first-keystroke="shift f9" />
  </action>
  <action id="Diff.ApplyLeftSide">
    <keyboard-shortcut first-keystroke="ctrl meta right" />
    <keyboard-shortcut first-keystroke="alt l" />
  </action>
  <action id="Diff.ApplyRightSide">
    <keyboard-shortcut first-keystroke="ctrl meta left" />
    <keyboard-shortcut first-keystroke="alt r" />
  </action>
  <action id="Django.RunManageTaskAction" />
  <action id="EditorLineEndWithSelection">
    <keyboard-shortcut first-keystroke="shift end" />
  </action>
  <action id="EditorLineStart">
    <keyboard-shortcut first-keystroke="home" />
    <keyboard-shortcut first-keystroke="meta left" />
  </action>
  <action id="EditorLineStartWithSelection">
    <keyboard-shortcut first-keystroke="shift home" />
  </action>
  <action id="GotoPreviousError" />
  <action id="Markdown.Layout.EditorAndPreview">
    <keyboard-shortcut first-keystroke="alt m" second-keystroke="p" />
  </action>
  <action id="Markdown.Layout.EditorOnly">
    <keyboard-shortcut first-keystroke="alt m" second-keystroke="e" />
  </action>
  <action id="NavBar-selectHome">
    <keyboard-shortcut first-keystroke="home" />
    <keyboard-shortcut first-keystroke="meta left" />
  </action>
  <action id="NotebookInsertCellBelowAction" />
  <action id="OpenInBrowser">
    <keyboard-shortcut first-keystroke="alt b" />
  </action>
  <action id="OpenInBrowserEditorContextBarGroupAction">
    <keyboard-shortcut first-keystroke="shift alt b" />
  </action>
  <action id="RenameElement">
    <keyboard-shortcut first-keystroke="shift f6" />
    <keyboard-shortcut first-keystroke="shift f2" />
  </action>
  <action id="Run">
    <keyboard-shortcut first-keystroke="ctrl r" />
    <keyboard-shortcut first-keystroke="shift f10" />
  </action>
  <action id="ShowPopupMenu">
    <keyboard-shortcut first-keystroke="ctrl f10" />
  </action>
  <action id="StepOut" />
  <action id="SwitcherPreviousProblem" />
  <action id="Tool_External Tools_repo get">
    <keyboard-shortcut first-keystroke="ctrl alt u" />
  </action>
  <action id="Tool_External Tools_repo put">
    <keyboard-shortcut first-keystroke="alt u" />
  </action>
  <action id="com.mikejhill.intellij.movetab.actions.MoveTabLeft">
    <keyboard-shortcut first-keystroke="shift meta page_up" />
    <keyboard-shortcut first-keystroke="shift meta left" />
  </action>
  <action id="com.mikejhill.intellij.movetab.actions.MoveTabRight">
    <keyboard-shortcut first-keystroke="shift meta page_down" />
    <keyboard-shortcut first-keystroke="shift meta right" />
  </action>
  <action id="copilot.disposeInlays" />
  <action id="org.asciidoc.intellij.actions.asciidoc.CreateHtmlAction">
    <keyboard-shortcut first-keystroke="alt a" second-keystroke="h" />
  </action>
  <action id="org.asciidoc.intellij.actions.asciidoc.CreatePdfAction">
    <keyboard-shortcut first-keystroke="alt a" second-keystroke="f" />
  </action>
  <action id="org.asciidoc.intellij.actions.editorlayout.EditorAndPreviewLayoutChangeAction">
    <keyboard-shortcut first-keystroke="alt a" second-keystroke="p" />
  </action>
  <action id="org.asciidoc.intellij.actions.editorlayout.EditorOnlyLayoutChangeAction">
    <keyboard-shortcut first-keystroke="alt a" second-keystroke="e" />
  </action>
  <action id="sql.SelectInDatabaseView" />
  <action id="tasks.open.in.browser" />
</keymap>