<profile version="1.0">
  <option name="myName" value="Basic" />
  <inspection_tool class="AnonymousClassComplexity" enabled="true" level="WARNING" enabled_by_default="true">
    <option name="m_limit" value="10" />
  </inspection_tool>
  <inspection_tool class="AnonymousClassMethodCount" enabled="true" level="WARNING" enabled_by_default="true">
    <option name="m_limit" value="15" />
  </inspection_tool>
  <inspection_tool class="ArrayCanBeReplacedWithEnumValues" enabled="true" level="WARNING" enabled_by_default="true" editorAttributes="WARNING_ATTRIBUTES" />
  <inspection_tool class="ArrayCreationWithoutNewKeyword" enabled="false" level="INFORMATION" enabled_by_default="false" />
  <inspection_tool class="ArrayEquality" enabled="true" level="WARNING" enabled_by_default="true" />
  <inspection_tool class="AssignmentOrReturnOfFieldWithMutableType" enabled="true" level="WARNING" enabled_by_default="true" />
  <inspection_tool class="AssignmentToForLoopParameter" enabled="true" level="WARNING" enabled_by_default="true">
    <option name="m_checkForeachParameters" value="true" />
  </inspection_tool>
  <inspection_tool class="AssignmentToLambdaParameter" enabled="true" level="WARNING" enabled_by_default="true" />
  <inspection_tool class="AssignmentToMethodParameter" enabled="true" level="WARNING" enabled_by_default="true">
    <option name="ignoreTransformationOfOriginalParameter" value="false" />
  </inspection_tool>
  <inspection_tool class="AssignmentToNull" enabled="true" level="WARNING" enabled_by_default="true" />
  <inspection_tool class="AssignmentToStaticFieldFromInstanceMethod" enabled="true" level="WARNING" enabled_by_default="true" />
  <inspection_tool class="AssignmentToSuperclassField" enabled="true" level="WARNING" enabled_by_default="true" />
  <inspection_tool class="AutoCloseableResource" enabled="true" level="WARNING" enabled_by_default="true">
    <option name="METHOD_MATCHER_CONFIG" value="java.util.Formatter,format,java.io.Writer,append,com.google.common.base.Preconditions,checkNotNull,org.hibernate.Session,close,java.io.PrintWriter,printf,java.io.PrintStream,printf,eu.ciechanowiec.sling.rocket.commons.ResourceAccess,acquireAccess" />
  </inspection_tool>
  <inspection_tool class="BooleanExpressionMayBeConditional" enabled="true" level="WARNING" enabled_by_default="true" editorAttributes="WARNING_ATTRIBUTES" />
  <inspection_tool class="BooleanMethodIsAlwaysInverted" enabled="false" level="WARNING" enabled_by_default="false" />
  <inspection_tool class="CallToSimpleGetterInClass" enabled="true" level="WARNING" enabled_by_default="true">
    <option name="ignoreGetterCallsOnOtherObjects" value="false" />
    <option name="onlyReportPrivateGetter" value="false" />
  </inspection_tool>
  <inspection_tool class="CallToSimpleSetterInClass" enabled="true" level="WARNING" enabled_by_default="true">
    <option name="ignoreSetterCallsOnOtherObjects" value="false" />
    <option name="onlyReportPrivateSetter" value="false" />
  </inspection_tool>
  <inspection_tool class="CallToStringConcatCanBeReplacedByOperator" enabled="true" level="WARNING" enabled_by_default="true" />
  <inspection_tool class="ChainedEquality" enabled="true" level="WARNING" enabled_by_default="true" />
  <inspection_tool class="CheckedExceptionClass" enabled="true" level="WARNING" enabled_by_default="true" />
  <inspection_tool class="ClassCanBeRecord" enabled="true" level="WARNING" enabled_by_default="true" editorAttributes="WARNING_ATTRIBUTES" />
  <inspection_tool class="ClassComplexity" enabled="true" level="WARNING" enabled_by_default="true">
    <option name="m_limit" value="80" />
  </inspection_tool>
  <inspection_tool class="ClassCoupling" enabled="true" level="WARNING" enabled_by_default="true">
    <option name="m_includeJavaClasses" value="false" />
    <option name="m_includeLibraryClasses" value="false" />
    <option name="m_limit" value="15" />
  </inspection_tool>
  <inspection_tool class="ClassInheritanceDepth" enabled="true" level="WARNING" enabled_by_default="true">
    <option name="m_limit" value="2" />
  </inspection_tool>
  <inspection_tool class="ClassMayBeInterface" enabled="true" level="WARNING" enabled_by_default="true" editorAttributes="WARNING_ATTRIBUTES" />
  <inspection_tool class="ClassNameDiffersFromFileName" enabled="true" level="WARNING" enabled_by_default="true" />
  <inspection_tool class="ClassNameSameAsAncestorName" enabled="true" level="WARNING" enabled_by_default="true" />
  <inspection_tool class="ClassNestingDepth" enabled="true" level="WARNING" enabled_by_default="true">
    <option name="m_limit" value="2" />
  </inspection_tool>
  <inspection_tool class="ClassOnlyUsedInOnePackage" enabled="true" level="WARNING" enabled_by_default="true" />
  <inspection_tool class="ClassReferencesSubclass" enabled="true" level="WARNING" enabled_by_default="true" />
  <inspection_tool class="ClassUnconnectedToPackage" enabled="true" level="WARNING" enabled_by_default="true" />
  <inspection_tool class="ClassWithMultipleLoggers" enabled="true" level="WARNING" enabled_by_default="true">
    <option name="loggerNamesString" value="java.util.logging.Logger,org.slf4j.Logger,org.apache.commons.logging.Log,org.apache.log4j.Logger,org.apache.logging.log4j.Logger" />
  </inspection_tool>
  <inspection_tool class="ClassWithOnlyPrivateConstructors" enabled="true" level="WARNING" enabled_by_default="true" />
  <inspection_tool class="ClassWithTooManyDependencies" enabled="true" level="WARNING" enabled_by_default="true">
    <option name="limit" value="10" />
  </inspection_tool>
  <inspection_tool class="ClassWithTooManyDependents" enabled="true" level="WARNING" enabled_by_default="true">
    <option name="limit" value="10" />
  </inspection_tool>
  <inspection_tool class="ComparableImplementedButEqualsNotOverridden" enabled="true" level="WARNING" enabled_by_default="true" />
  <inspection_tool class="ConditionalCanBeOptional" enabled="true" level="WEAK WARNING" enabled_by_default="true" editorAttributes="INFO_ATTRIBUTES" />
  <inspection_tool class="ConditionalCanBePushedInsideExpression" enabled="true" level="WARNING" enabled_by_default="true" editorAttributes="WARNING_ATTRIBUTES" />
  <inspection_tool class="ConstantDeclaredInAbstractClass" enabled="true" level="WARNING" enabled_by_default="true" />
  <inspection_tool class="ConstantExpression" enabled="false" level="WARNING" enabled_by_default="false" editorAttributes="WARNING_ATTRIBUTES" />
  <inspection_tool class="ConstructorCount" enabled="true" level="WARNING" enabled_by_default="true">
    <option name="ignoreDeprecatedConstructors" value="false" />
    <option name="m_limit" value="5" />
  </inspection_tool>
  <inspection_tool class="ControlFlowStatementWithoutBraces" enabled="true" level="WARNING" enabled_by_default="true" editorAttributes="WARNING_ATTRIBUTES" />
  <inspection_tool class="CssUnknownProperty" enabled="true" level="WARNING" enabled_by_default="true">
    <option name="myCustomPropertiesEnabled" value="true" />
    <option name="myIgnoreVendorSpecificProperties" value="false" />
    <option name="myCustomPropertiesList">
      <value>
        <list size="1">
          <item index="0" class="java.lang.String" itemvalue="scr" />
        </list>
      </value>
    </option>
  </inspection_tool>
  <inspection_tool class="CyclomaticComplexity" enabled="true" level="WARNING" enabled_by_default="true">
    <option name="m_limit" value="10" />
  </inspection_tool>
  <inspection_tool class="DeclareCollectionAsInterface" enabled="true" level="WARNING" enabled_by_default="true">
    <option name="ignoreLocalVariables" value="false" />
    <option name="ignorePrivateMethodsAndFields" value="false" />
  </inspection_tool>
  <inspection_tool class="DefaultNotLastCaseInSwitch" enabled="true" level="WARNING" enabled_by_default="true" />
  <inspection_tool class="DiamondCanBeReplacedWithExplicitTypeArguments" enabled="false" level="INFORMATION" enabled_by_default="false" />
  <inspection_tool class="DoubleBraceInitialization" enabled="false" level="INFORMATION" enabled_by_default="false" />
  <inspection_tool class="EmptyClass" enabled="true" level="WARNING" enabled_by_default="true">
    <option name="ignorableAnnotations">
      <value />
    </option>
    <option name="ignoreClassWithParameterization" value="false" />
    <option name="ignoreThrowables" value="true" />
    <option name="commentsAreContent" value="true" />
  </inspection_tool>
  <inspection_tool class="EqualsAndHashcode" enabled="true" level="WARNING" enabled_by_default="true" />
  <inspection_tool class="EqualsCalledOnEnumConstant" enabled="true" level="WARNING" enabled_by_default="true" />
  <inspection_tool class="Eslint" enabled="true" level="WARNING" enabled_by_default="true" />
  <inspection_tool class="ExceptionNameDoesntEndWithException" enabled="true" level="WARNING" enabled_by_default="true" />
  <inspection_tool class="ExceptionPackage" enabled="true" level="WARNING" enabled_by_default="true" />
  <inspection_tool class="ExtendsThrowable" enabled="true" level="WARNING" enabled_by_default="true" />
  <inspection_tool class="ExtendsUtilityClass" enabled="true" level="WARNING" enabled_by_default="true" />
  <inspection_tool class="FieldCount" enabled="true" level="WARNING" enabled_by_default="true">
    <option name="m_countConstantFields" value="false" />
    <option name="m_considerStaticFinalFieldsConstant" value="false" />
    <option name="myCountEnumConstants" value="false" />
    <option name="m_limit" value="7" />
  </inspection_tool>
  <inspection_tool class="FieldMayBeStatic" enabled="true" level="WARNING" enabled_by_default="true" />
  <inspection_tool class="FieldNamingConvention" enabled="true" level="WARNING" enabled_by_default="true">
    <extension name="ConstantNamingConvention" enabled="true">
      <option name="m_regex" value="[A-Z][A-Z_\d]*" />
      <option name="m_minLength" value="2" />
      <option name="m_maxLength" value="32" />
    </extension>
    <extension name="ConstantWithMutableFieldTypeNamingConvention" enabled="true">
      <option name="m_regex" value="[A-Z][A-Z_\d]*" />
      <option name="m_minLength" value="2" />
      <option name="m_maxLength" value="32" />
    </extension>
    <extension name="EnumeratedConstantNamingConvention" enabled="true">
      <option name="m_regex" value="[A-Z][A-Z_\d]*" />
      <option name="m_minLength" value="2" />
      <option name="m_maxLength" value="32" />
    </extension>
    <extension name="InstanceVariableNamingConvention" enabled="true">
      <option name="m_regex" value="[a-z][A-Za-z\d]*" />
      <option name="m_minLength" value="2" />
      <option name="m_maxLength" value="32" />
    </extension>
    <extension name="StaticVariableNamingConvention" enabled="true">
      <option name="m_regex" value="[A-Z][A-Z_\d]*" />
      <option name="m_minLength" value="2" />
      <option name="m_maxLength" value="32" />
    </extension>
  </inspection_tool>
  <inspection_tool class="FinalStaticMethod" enabled="false" level="WARNING" enabled_by_default="false" />
  <inspection_tool class="HtmlTagCanBeJavadocTag" enabled="true" level="WARNING" enabled_by_default="true" />
  <inspection_tool class="HtmlUnknownTag" enabled="true" level="WARNING" enabled_by_default="true">
    <option name="myValues">
      <value>
        <list size="7">
          <item index="0" class="java.lang.String" itemvalue="nobr" />
          <item index="1" class="java.lang.String" itemvalue="noembed" />
          <item index="2" class="java.lang.String" itemvalue="comment" />
          <item index="3" class="java.lang.String" itemvalue="noscript" />
          <item index="4" class="java.lang.String" itemvalue="embed" />
          <item index="5" class="java.lang.String" itemvalue="script" />
          <item index="6" class="java.lang.String" itemvalue="style" />
        </list>
      </value>
    </option>
    <option name="myCustomValuesEnabled" value="true" />
  </inspection_tool>
  <inspection_tool class="IOResource" enabled="true" level="WARNING" enabled_by_default="true">
    <option name="ignoredTypesString" value="java.io.ByteArrayOutputStream,java.io.ByteArrayInputStream,java.io.StringBufferInputStream,java.io.CharArrayWriter,java.io.CharArrayReader,java.io.StringWriter,java.io.StringReader" />
    <option name="insideTryAllowed" value="false" />
  </inspection_tool>
  <inspection_tool class="IfCanBeAssertion" enabled="true" level="WARNING" enabled_by_default="true" editorAttributes="WARNING_ATTRIBUTES" />
  <inspection_tool class="IfStatementWithTooManyBranches" enabled="true" level="WARNING" enabled_by_default="true">
    <option name="m_limit" value="3" />
  </inspection_tool>
  <inspection_tool class="IgnoredJUnitTest" enabled="true" level="WARNING" enabled_by_default="true" />
  <inspection_tool class="IncrementDecrementUsedAsExpression" enabled="true" level="WARNING" enabled_by_default="true" />
  <inspection_tool class="InnerClassOnInterface" enabled="true" level="WARNING" enabled_by_default="true">
    <option name="m_ignoreInnerInterfaces" value="false" />
  </inspection_tool>
  <inspection_tool class="InstanceVariableInitialization" enabled="true" level="WARNING" enabled_by_default="true">
    <option name="m_ignorePrimitives" value="false" />
  </inspection_tool>
  <inspection_tool class="InstanceVariableUninitializedUse" enabled="true" level="WARNING" enabled_by_default="true">
    <option name="m_ignorePrimitives" value="false" />
    <option name="annotationNamesString" value="" />
  </inspection_tool>
  <inspection_tool class="InstanceofChain" enabled="true" level="WARNING" enabled_by_default="true">
    <option name="ignoreInstanceofOnLibraryClasses" value="false" />
  </inspection_tool>
  <inspection_tool class="InstanceofThis" enabled="true" level="WARNING" enabled_by_default="true" />
  <inspection_tool class="InterfaceMayBeAnnotatedFunctional" enabled="true" level="WARNING" enabled_by_default="true" />
  <inspection_tool class="InterfaceNeverImplemented" enabled="true" level="WARNING" enabled_by_default="true">
    <option name="ignoreInterfacesThatOnlyDeclareConstants" value="false" />
  </inspection_tool>
  <inspection_tool class="JDBCResource" enabled="true" level="WARNING" enabled_by_default="true">
    <option name="insideTryAllowed" value="false" />
  </inspection_tool>
  <inspection_tool class="JNDIResource" enabled="true" level="WARNING" enabled_by_default="true">
    <option name="insideTryAllowed" value="false" />
  </inspection_tool>
  <inspection_tool class="JavaLangImport" enabled="true" level="WARNING" enabled_by_default="true" />
  <inspection_tool class="JoinDeclarationAndAssignmentJava" enabled="true" level="WARNING" enabled_by_default="true" editorAttributes="WARNING_ATTRIBUTES" />
  <inspection_tool class="KeySetIterationMayUseEntrySet" enabled="true" level="WARNING" enabled_by_default="true" />
  <inspection_tool class="LabeledStatement" enabled="true" level="WARNING" enabled_by_default="true" />
  <inspection_tool class="LambdaBodyCanBeCodeBlock" enabled="false" level="INFORMATION" enabled_by_default="false" editorAttributes="INFORMATION_ATTRIBUTES" />
  <inspection_tool class="LambdaParameterHidingMemberVariable" enabled="true" level="WARNING" enabled_by_default="true" />
  <inspection_tool class="LengthOneStringInIndexOf" enabled="true" level="WARNING" enabled_by_default="true" />
  <inspection_tool class="LimitedScopeInnerClass" enabled="true" level="WARNING" enabled_by_default="true" />
  <inspection_tool class="LocalVariableHidingMemberVariable" enabled="true" level="WARNING" enabled_by_default="true">
    <option name="m_ignoreInvisibleFields" value="true" />
    <option name="m_ignoreStaticMethods" value="true" />
  </inspection_tool>
  <inspection_tool class="LoggingSimilarMessage" enabled="false" level="WEAK WARNING" enabled_by_default="false" />
  <inspection_tool class="LombokGetterMayBeUsed" enabled="false" level="WARNING" enabled_by_default="false" />
  <inspection_tool class="MagicNumber" enabled="true" level="WARNING" enabled_by_default="true" />
  <inspection_tool class="MapReplaceableByEnumMap" enabled="true" level="WARNING" enabled_by_default="true" />
  <inspection_tool class="MethodCallInLoopCondition" enabled="true" level="WARNING" enabled_by_default="true" />
  <inspection_tool class="MethodCount" enabled="true" level="WARNING" enabled_by_default="true">
    <option name="m_limit" value="20" />
    <option name="ignoreGettersAndSetters" value="false" />
    <option name="ignoreOverridingMethods" value="false" />
  </inspection_tool>
  <inspection_tool class="MethodCoupling" enabled="true" level="WARNING" enabled_by_default="true">
    <option name="m_includeJavaClasses" value="false" />
    <option name="m_includeLibraryClasses" value="false" />
    <option name="m_limit" value="10" />
  </inspection_tool>
  <inspection_tool class="MethodOnlyUsedFromInnerClass" enabled="true" level="WARNING" enabled_by_default="true">
    <option name="ignoreMethodsAccessedFromAnonymousClass" value="false" />
    <option name="ignoreStaticMethodsFromNonStaticInnerClass" value="false" />
    <option name="onlyReportStaticMethods" value="false" />
  </inspection_tool>
  <inspection_tool class="MethodWithMultipleLoops" enabled="true" level="WARNING" enabled_by_default="true" />
  <inspection_tool class="MisorderedAssertEqualsArguments" enabled="true" level="WARNING" enabled_by_default="true" />
  <inspection_tool class="MissingOverrideAnnotation" enabled="true" level="WARNING" enabled_by_default="true" editorAttributes="WARNING_ATTRIBUTES">
    <option name="ignoreObjectMethods" value="true" />
    <option name="ignoreAnonymousClassMethods" value="false" />
  </inspection_tool>
  <inspection_tool class="MissortedModifiers" enabled="true" level="WARNING" enabled_by_default="true" editorAttributes="WARNING_ATTRIBUTES">
    <option name="m_requireAnnotationsFirst" value="true" />
  </inspection_tool>
  <inspection_tool class="MisspelledEquals" enabled="true" level="WARNING" enabled_by_default="true" />
  <inspection_tool class="MisspelledMethodName" enabled="true" level="WARNING" enabled_by_default="true" />
  <inspection_tool class="MoveFieldAssignmentToInitializer" enabled="true" level="INFORMATION" enabled_by_default="true" editorAttributes="INFORMATION_ATTRIBUTES" />
  <inspection_tool class="MultipleReturnPointsPerMethod" enabled="true" level="WARNING" enabled_by_default="true">
    <option name="ignoreGuardClauses" value="true" />
    <option name="ignoreEqualsMethod" value="true" />
    <option name="m_limit" value="2" />
  </inspection_tool>
  <inspection_tool class="MultipleTopLevelClassesInFile" enabled="true" level="WARNING" enabled_by_default="true" />
  <inspection_tool class="MultipleVariablesInDeclaration" enabled="true" level="WARNING" enabled_by_default="true" editorAttributes="WARNING_ATTRIBUTES" />
  <inspection_tool class="NestedAssignment" enabled="true" level="WARNING" enabled_by_default="true" />
  <inspection_tool class="NestedConditionalExpression" enabled="true" level="WARNING" enabled_by_default="true" />
  <inspection_tool class="NestedSwitchStatement" enabled="true" level="WARNING" enabled_by_default="true" />
  <inspection_tool class="NestedSynchronizedStatement" enabled="true" level="WARNING" enabled_by_default="true" />
  <inspection_tool class="NestedTryStatement" enabled="true" level="WARNING" enabled_by_default="true" />
  <inspection_tool class="NestingDepth" enabled="true" level="WARNING" enabled_by_default="true">
    <option name="m_limit" value="3" />
  </inspection_tool>
  <inspection_tool class="NewClassNamingConvention" enabled="true" level="WARNING" enabled_by_default="true">
    <extension name="AbstractClassNamingConvention" enabled="true">
      <option name="inheritDefaultSettings" value="false" />
      <option name="m_regex" value="[A-Z][A-Za-z\d]*" />
      <option name="m_minLength" value="2" />
      <option name="m_maxLength" value="40" />
    </extension>
    <extension name="AnnotationNamingConvention" enabled="true">
      <option name="inheritDefaultSettings" value="false" />
      <option name="m_regex" value="[A-Z][A-Za-z\d]*" />
      <option name="m_minLength" value="2" />
      <option name="m_maxLength" value="40" />
    </extension>
    <extension name="ClassNamingConvention" enabled="true">
      <option name="m_regex" value="[A-Z][A-Za-z\d]*" />
      <option name="m_minLength" value="2" />
      <option name="m_maxLength" value="40" />
    </extension>
    <extension name="EnumeratedClassNamingConvention" enabled="true">
      <option name="inheritDefaultSettings" value="false" />
      <option name="m_regex" value="[A-Z][A-Za-z\d]*" />
      <option name="m_minLength" value="2" />
      <option name="m_maxLength" value="40" />
    </extension>
    <extension name="InterfaceNamingConvention" enabled="true">
      <option name="inheritDefaultSettings" value="false" />
      <option name="m_regex" value="[A-Z][A-Za-z\d]*" />
      <option name="m_minLength" value="2" />
      <option name="m_maxLength" value="40" />
    </extension>
    <extension name="JUnitAbstractTestClassNamingConvention" enabled="true">
      <option name="m_regex" value="[A-Z][A-Za-z\d]*TestCase" />
      <option name="m_minLength" value="8" />
      <option name="m_maxLength" value="64" />
    </extension>
    <extension name="TestSuiteNamingConvention" enabled="true" />
    <extension name="TypeParameterNamingConvention" enabled="true">
      <option name="m_regex" value="[A-Z][A-Za-z\d]*" />
      <option name="m_minLength" value="1" />
      <option name="m_maxLength" value="6" />
    </extension>
  </inspection_tool>
  <inspection_tool class="NewExceptionWithoutArguments" enabled="true" level="WARNING" enabled_by_default="true" />
  <inspection_tool class="NewMethodNamingConvention" enabled="true" level="WARNING" enabled_by_default="true">
    <extension name="InstanceMethodNamingConvention" enabled="true">
      <option name="m_regex" value="[a-z][$_A-Za-z\d]*" />
      <option name="m_minLength" value="2" />
      <option name="m_maxLength" value="40" />
    </extension>
    <extension name="StaticMethodNamingConvention" enabled="true">
      <option name="m_regex" value="[a-z][A-Za-z\d]*" />
      <option name="m_minLength" value="2" />
      <option name="m_maxLength" value="40" />
    </extension>
  </inspection_tool>
  <inspection_tool class="NonCommentSourceStatements" enabled="true" level="WARNING" enabled_by_default="true">
    <option name="m_limit" value="50" />
  </inspection_tool>
  <inspection_tool class="NonExceptionNameEndsWithException" enabled="true" level="WARNING" enabled_by_default="true" />
  <inspection_tool class="NonFinalFieldOfException" enabled="true" level="WARNING" enabled_by_default="true" />
  <inspection_tool class="NonFinalUtilityClass" enabled="true" level="WARNING" enabled_by_default="true" />
  <inspection_tool class="NonStaticFinalLogger" enabled="true" level="WARNING" enabled_by_default="true">
    <option name="loggerClassName" value="java.util.logging.Logger,org.slf4j.Logger,org.apache.commons.logging.Log,org.apache.log4j.Logger,org.apache.logging.log4j.Logger" />
  </inspection_tool>
  <inspection_tool class="NoopMethodInAbstractClass" enabled="true" level="WARNING" enabled_by_default="true" />
  <inspection_tool class="NullThrown" enabled="true" level="WARNING" enabled_by_default="true" />
  <inspection_tool class="ObjectInstantiationInEqualsHashCode" enabled="true" level="WARNING" enabled_by_default="true" />
  <inspection_tool class="ObjectToString" enabled="true" level="WARNING" enabled_by_default="true" />
  <inspection_tool class="ObsoleteCollection" enabled="true" level="WARNING" enabled_by_default="true">
    <option name="ignoreRequiredObsoleteCollectionTypes" value="true" />
  </inspection_tool>
  <inspection_tool class="OverlyComplexBooleanExpression" enabled="true" level="WARNING" enabled_by_default="true">
    <option name="m_limit" value="3" />
    <option name="m_ignorePureConjunctionsDisjunctions" value="true" />
  </inspection_tool>
  <inspection_tool class="OverlyStrongTypeCast" enabled="true" level="WARNING" enabled_by_default="true">
    <option name="ignoreInMatchingInstanceof" value="false" />
  </inspection_tool>
  <inspection_tool class="PackageAccessibility" enabled="false" level="ERROR" enabled_by_default="false" />
  <inspection_tool class="PackageNamingConvention" enabled="true" level="WARNING" enabled_by_default="true">
    <option name="m_regex" value="[a-z]*" />
    <option name="m_minLength" value="2" />
    <option name="m_maxLength" value="16" />
  </inspection_tool>
  <inspection_tool class="PackageVisibleField" enabled="true" level="WARNING" enabled_by_default="true" />
  <inspection_tool class="PackageVisibleInnerClass" enabled="true" level="WARNING" enabled_by_default="true">
    <option name="ignoreEnums" value="true" />
    <option name="ignoreInterfaces" value="false" />
  </inspection_tool>
  <inspection_tool class="PackageWithTooFewClasses" enabled="true" level="WARNING" enabled_by_default="true">
    <option name="limit" value="3" />
  </inspection_tool>
  <inspection_tool class="PackageWithTooManyClasses" enabled="true" level="WARNING" enabled_by_default="true">
    <option name="limit" value="30" />
  </inspection_tool>
  <inspection_tool class="ParameterNameDiffersFromOverriddenParameter" enabled="true" level="WARNING" enabled_by_default="true">
    <option name="m_ignoreSingleCharacterNames" value="true" />
    <option name="m_ignoreOverridesOfLibraryMethods" value="true" />
  </inspection_tool>
  <inspection_tool class="ParametersPerConstructor" enabled="true" level="WARNING" enabled_by_default="true">
    <option name="m_limit" value="4" />
  </inspection_tool>
  <inspection_tool class="ParametersPerMethod" enabled="true" level="WARNING" enabled_by_default="true">
    <option name="m_limit" value="4" />
  </inspection_tool>
  <inspection_tool class="ProtectedField" enabled="true" level="WARNING" enabled_by_default="true" />
  <inspection_tool class="ProtectedInnerClass" enabled="true" level="WARNING" enabled_by_default="true">
    <option name="ignoreEnums" value="true" />
    <option name="ignoreInterfaces" value="false" />
  </inspection_tool>
  <inspection_tool class="PublicConstructorInNonPublicClass" enabled="true" level="WARNING" enabled_by_default="true" />
  <inspection_tool class="PublicField" enabled="true" level="WARNING" enabled_by_default="true" editorAttributes="WARNING_ATTRIBUTES">
    <option name="ignoreEnums" value="false" />
    <option name="ignorableAnnotations">
      <value />
    </option>
  </inspection_tool>
  <inspection_tool class="PublicInnerClass" enabled="true" level="WARNING" enabled_by_default="true">
    <option name="ignoreEnums" value="false" />
    <option name="ignoreInterfaces" value="false" />
  </inspection_tool>
  <inspection_tool class="QuestionableName" enabled="true" level="WARNING" enabled_by_default="true">
    <option name="nameString" value="aa,abc,bad,bar,bar2,baz,baz1,baz2,baz3,bb,blah,bogus,bool,cc,dd,defau1t,dummy,dummy2,ee,fa1se,ff,foo,foo1,foo2,foo3,foobar,four,fred,fred1,fred2,gg,hh,hello,hello1,hello2,hello3,ii,nu11,one,silly,silly2,string,two,that,then,three,whi1e,var" />
  </inspection_tool>
  <inspection_tool class="RedundantFieldInitialization" enabled="true" level="WARNING" enabled_by_default="true" />
  <inspection_tool class="RedundantLambdaParameterType" enabled="true" level="WARNING" enabled_by_default="true" editorAttributes="WARNING_ATTRIBUTES" />
  <inspection_tool class="ReplaceAssignmentWithOperatorAssignment" enabled="true" level="WARNING" enabled_by_default="true" editorAttributes="WARNING_ATTRIBUTES">
    <option name="ignoreLazyOperators" value="true" />
    <option name="ignoreObscureOperators" value="false" />
  </inspection_tool>
  <inspection_tool class="ReturnNull" enabled="true" level="WARNING" enabled_by_default="true">
    <option name="m_reportObjectMethods" value="true" />
    <option name="m_reportArrayMethods" value="true" />
    <option name="m_reportCollectionMethods" value="true" />
    <option name="m_ignorePrivateMethods" value="false" />
  </inspection_tool>
  <inspection_tool class="RuntimeExec" enabled="true" level="WARNING" enabled_by_default="true" />
  <inspection_tool class="SafeLock" enabled="true" level="WARNING" enabled_by_default="true" />
  <inspection_tool class="SamePackageImport" enabled="true" level="WARNING" enabled_by_default="true" />
  <inspection_tool class="SetReplaceableByEnumSet" enabled="true" level="WARNING" enabled_by_default="true" />
  <inspection_tool class="SimplifiableAnnotation" enabled="true" level="WARNING" enabled_by_default="true" />
  <inspection_tool class="SimplifiableIfStatement" enabled="true" level="WARNING" enabled_by_default="true" editorAttributes="WARNING_ATTRIBUTES" />
  <inspection_tool class="SingleStatementInBlock" enabled="false" level="WARNING" enabled_by_default="false" editorAttributes="WARNING_ATTRIBUTES" />
  <inspection_tool class="Singleton" enabled="true" level="WARNING" enabled_by_default="true" />
  <inspection_tool class="SocketResource" enabled="true" level="WARNING" enabled_by_default="true">
    <option name="insideTryAllowed" value="false" />
  </inspection_tool>
  <inspection_tool class="StandardVariableNames" enabled="true" level="WARNING" enabled_by_default="true" />
  <inspection_tool class="StaticMethodOnlyUsedInOneClass" enabled="true" level="WARNING" enabled_by_default="true" />
  <inspection_tool class="StaticNonFinalField" enabled="true" level="WARNING" enabled_by_default="true" />
  <inspection_tool class="StaticVariableInitialization" enabled="true" level="WARNING" enabled_by_default="true">
    <option name="m_ignorePrimitives" value="false" />
  </inspection_tool>
  <inspection_tool class="StaticVariableUninitializedUse" enabled="true" level="WARNING" enabled_by_default="true">
    <option name="m_ignorePrimitives" value="false" />
  </inspection_tool>
  <inspection_tool class="StringBufferToStringInConcatenation" enabled="true" level="WARNING" enabled_by_default="true" />
  <inspection_tool class="StringConcatenationMissingWhitespace" enabled="true" level="WARNING" enabled_by_default="true" />
  <inspection_tool class="StringReplaceableByStringBuffer" enabled="true" level="WARNING" enabled_by_default="true">
    <option name="onlyWarnOnLoop" value="true" />
  </inspection_tool>
  <inspection_tool class="Stylelint" enabled="true" level="ERROR" enabled_by_default="true" />
  <inspection_tool class="SwitchExpressionCanBePushedDown" enabled="true" level="WARNING" enabled_by_default="true" editorAttributes="WARNING_ATTRIBUTES" />
  <inspection_tool class="SwitchLabeledRuleCanBeCodeBlock" enabled="false" level="INFORMATION" enabled_by_default="false" />
  <inspection_tool class="SwitchStatement" enabled="true" level="WARNING" enabled_by_default="true" />
  <inspection_tool class="SwitchStatementsWithoutDefault" enabled="true" level="WARNING" enabled_by_default="true" editorAttributes="WARNING_ATTRIBUTES">
    <option name="m_ignoreFullyCoveredEnums" value="true" />
  </inspection_tool>
  <inspection_tool class="SynchronizeOnLock" enabled="true" level="WARNING" enabled_by_default="true" />
  <inspection_tool class="SynchronizeOnThis" enabled="true" level="WARNING" enabled_by_default="true" />
  <inspection_tool class="SynchronizedOnLiteralObject" enabled="true" level="WARNING" enabled_by_default="true" />
  <inspection_tool class="SystemExit" enabled="true" level="WARNING" enabled_by_default="true" />
  <inspection_tool class="SystemGetenv" enabled="true" level="WARNING" enabled_by_default="true" />
  <inspection_tool class="SystemOutErr" enabled="true" level="WARNING" enabled_by_default="true" />
  <inspection_tool class="TestCaseWithNoTestMethods" enabled="true" level="WARNING" enabled_by_default="true" />
  <inspection_tool class="TestInProductSource" enabled="true" level="WARNING" enabled_by_default="true" />
  <inspection_tool class="TestMethodWithoutAssertion" enabled="true" level="WARNING" enabled_by_default="true" />
  <inspection_tool class="TestOnlyProblems" enabled="true" level="WARNING" enabled_by_default="true" />
  <inspection_tool class="ThreeNegationsPerMethod" enabled="true" level="WARNING" enabled_by_default="true">
    <option name="m_ignoreInEquals" value="true" />
    <option name="ignoreInAssert" value="false" />
  </inspection_tool>
  <inspection_tool class="ThrowCaughtLocally" enabled="true" level="WARNING" enabled_by_default="true">
    <option name="ignoreRethrownExceptions" value="false" />
  </inspection_tool>
  <inspection_tool class="ThrownExceptionsPerMethod" enabled="true" level="WARNING" enabled_by_default="true">
    <option name="m_limit" value="3" />
  </inspection_tool>
  <inspection_tool class="ThrowsRuntimeException" enabled="true" level="WARNING" enabled_by_default="true" />
  <inspection_tool class="TooBroadCatch" enabled="true" level="WARNING" enabled_by_default="true" />
  <inspection_tool class="TooBroadThrows" enabled="true" level="WARNING" enabled_by_default="true" />
  <inspection_tool class="TsLint" enabled="true" level="WARNING" enabled_by_default="true" />
  <inspection_tool class="TypeMayBeWeakened" enabled="true" level="WARNING" enabled_by_default="true">
    <option name="useRighthandTypeAsWeakestTypeInAssignments" value="true" />
    <option name="useParameterizedTypeForCollectionMethods" value="true" />
    <option name="doNotWeakenToJavaLangObject" value="true" />
    <option name="onlyWeakentoInterface" value="true" />
    <stopClasses>eu.ciechanowiec.sling.rocket.identity.AuthIDUser</stopClasses>
  </inspection_tool>
  <inspection_tool class="UnnecessaryBlockStatement" enabled="true" level="WARNING" enabled_by_default="true" editorAttributes="WARNING_ATTRIBUTES">
    <option name="ignoreSwitchBranches" value="false" />
  </inspection_tool>
  <inspection_tool class="UnnecessaryConstructor" enabled="true" level="WARNING" enabled_by_default="true" />
  <inspection_tool class="UnnecessaryExplicitNumericCast" enabled="true" level="WARNING" enabled_by_default="true" />
  <inspection_tool class="UnnecessaryFinalOnLocalVariableOrParameter" enabled="true" level="WARNING" enabled_by_default="true" />
  <inspection_tool class="UnnecessaryFullyQualifiedName" enabled="true" level="WARNING" enabled_by_default="true" editorAttributes="WARNING_ATTRIBUTES">
    <option name="m_ignoreJavadoc" value="false" />
    <option name="ignoreInModuleStatements" value="true" />
  </inspection_tool>
  <inspection_tool class="UnnecessarySuperConstructor" enabled="true" level="WARNING" enabled_by_default="true" />
  <inspection_tool class="UpperCaseFieldNameNotConstant" enabled="true" level="WARNING" enabled_by_default="true" />
  <inspection_tool class="UseOfAnotherObjectsPrivateField" enabled="true" level="WARNING" enabled_by_default="true">
    <option name="ignoreSameClass" value="false" />
    <option name="ignoreEquals" value="false" />
  </inspection_tool>
  <inspection_tool class="UseOfClone" enabled="true" level="WARNING" enabled_by_default="true" />
  <inspection_tool class="UtilityClassCanBeEnum" enabled="true" level="WARNING" enabled_by_default="true" />
  <inspection_tool class="UtilityClassWithPublicConstructor" enabled="true" level="WARNING" enabled_by_default="true" />
  <inspection_tool class="UtilityClassWithoutPrivateConstructor" enabled="true" level="WARNING" enabled_by_default="true">
    <option name="ignorableAnnotations">
      <value />
    </option>
    <option name="ignoreClassesWithOnlyMain" value="false" />
  </inspection_tool>
  <inspection_tool class="WeakerAccess" enabled="true" level="WARNING" enabled_by_default="true">
    <option name="SUGGEST_PACKAGE_LOCAL_FOR_MEMBERS" value="true" />
    <option name="SUGGEST_PACKAGE_LOCAL_FOR_TOP_CLASSES" value="true" />
    <option name="SUGGEST_PRIVATE_FOR_INNERS" value="false" />
  </inspection_tool>
</profile>