<application>
  <component name="BaseRefactoringSettings">
    <option name="SAFE_DELETE_WHEN_DELETE" value="false" />
    <option name="RENAME_SEARCH_IN_COMMENTS_FOR_FILE" value="false" />
    <option name="RENAME_SEARCH_FOR_TEXT_FOR_FILE" value="false" />
    <option name="RENAME_SEARCH_FOR_REFERENCES_FOR_FILE" value="false" />
    <option name="MOVE_SEARCH_FOR_REFERENCES_FOR_FILE" value="false" />
  </component>
  <component name="RefactoringSettings">
    <option name="renameParameterInHierarchy" value="false" />
    <option name="INTRODUCE_FIELD_VISIBILITY" value="private" />
    <option name="INTRODUCE_CONSTANT_VISIBILITY" value="public" />
    <option name="INTRODUCE_LOCAL_CREATE_FINALS" value="false" />
    <option name="INTRODUCE_CONSTANT_REPLACE_ALL" value="true" />
    <option name="RENAME_PARAMETER_IN_HIERARCHY" value="false" />
  </component>
</application>