<application>
  <component name="FileTypeManager" version="19">
    <ignoreFiles list="*.pyc;*.pyo;*.rbc;*.yarb;*~;.DS_Store;.hg;.mypy_cache;.pytest_cache;.ruff_cache;.svn;CVS;__pycache__;_svn;vssver.scc;vssver2.scc" />
    <extensionMap>
      <mapping pattern="5_izolacja_dam" type="AUTO_DETECTED" />
      <mapping pattern="8_usuniecie" type="AUTO_DETECTED" />
      <mapping pattern="2_zarządzanie" type="AUTO_DETECTED" />
      <mapping pattern="4_live" type="AUTO_DETECTED" />
      <mapping pattern="3_trasowanie" type="AUTO_DETECTED" />
      <mapping pattern="Logger" type="AUTO_DETECTED" />
      <mapping pattern="original" type="AUTO_DETECTED" />
      <mapping pattern="f" type="AUTO_DETECTED" />
      <mapping pattern="5_aktualizacja" type="AUTO_DETECTED" />
      <mapping pattern="6_izolacja_wysz" type="AUTO_DETECTED" />
      <mapping pattern="Jenkinsfile3" type="AUTO_DETECTED" />
      <mapping pattern="commit-msg" type="AUTO_DETECTED" />
      <mapping pattern="6_aktualziacja" type="AUTO_DETECTED" />
      <mapping pattern="commit-msg-cop" type="AUTO_DETECTED" />
      <mapping ext="mp3" type="Native" />
      <mapping pattern=".gitattributes" type="PLAIN_TEXT" />
      <mapping pattern=".repo" type="PLAIN_TEXT" />
      <mapping pattern=".zshrc-orig" type="PLAIN_TEXT" />
      <mapping pattern=".npmrc" type="PLAIN_TEXT" />
      <mapping pattern=".gitkeep" type="PLAIN_TEXT" />
      <mapping ext="0" type="PLAIN_TEXT" />
      <mapping ext="scpt" type="PLAIN_TEXT" />
      <mapping ext="ser" type="PLAIN_TEXT" />
      <mapping ext="sample" type="PLAIN_TEXT" />
      <mapping ext="exec" type="PLAIN_TEXT" />
      <mapping ext="plist" type="PLAIN_TEXT" />
      <mapping ext="cnd" type="PLAIN_TEXT" />
      <mapping ext="j2" type="VCL file" />
      <removed_mapping ext="apk" approved="true" type="ARCHIVE" />
      <removed_mapping ext="bnd" approved="true" type="PLAIN_TEXT" />
      <removed_mapping ext="cnd" approved="true" type="CND file" />
      <removed_mapping ext="config" approved="true" type="LOMBOK_CONFIG" />
      <removed_mapping ext="config" approved="true" type="XML" />
      <removed_mapping ext="dockerignore" approved="true" type="DockerIgnore file" />
      <removed_mapping ext="ignore" approved="true" type="IgnoreLang file" />
      <removed_mapping ext="j2" approved="true" type="Jinja2" />
      <removed_mapping ext="psd" approved="true" type="Image" />
      <removed_mapping ext="rs" approved="true" type="Android RenderScript" />
    </extensionMap>
  </component>
</application>