<application>
  <component name="ExternalResourceManagerImpl">
    <resource url="https://www.sitemaps.org/schemas/sitemap/0.9/sitemap.xsd" location="$USER_HOME$/.cache/JetBrains/IntelliJIdea2022.2/extResources/dc946990_sitemap.xsd" />
    <ignored-resource url="" />
    <ignored-resource url="http://cipa.jp/exif/1.0/" />
    <ignored-resource url="http://creativecommons.org/ns#" />
    <ignored-resource url="http://iptc.org/std/Iptc4xmpCore/1.0/xmlns/" />
    <ignored-resource url="http://iptc.org/std/Iptc4xmpExt/2008-02-29/" />
    <ignored-resource url="http://jackrabbit.apache.org/oak/ns/1.0" />
    <ignored-resource url="http://ns.acdsee.com/iptc/1.0/" />
    <ignored-resource url="http://ns.adobe.com/DICOM/" />
    <ignored-resource url="http://ns.adobe.com/album/1.0/" />
    <ignored-resource url="http://ns.adobe.com/camera-raw-settings/1.0/" />
    <ignored-resource url="http://ns.adobe.com/exif/1.0/" />
    <ignored-resource url="http://ns.adobe.com/exif/1.0/aux/" />
    <ignored-resource url="http://ns.adobe.com/illustrator/1.0/" />
    <ignored-resource url="http://ns.adobe.com/lightroom/1.0/" />
    <ignored-resource url="http://ns.adobe.com/pdf/1.3/" />
    <ignored-resource url="http://ns.adobe.com/pdfx/1.3/" />
    <ignored-resource url="http://ns.adobe.com/photoshop/1.0/" />
    <ignored-resource url="http://ns.adobe.com/stock/1.0/" />
    <ignored-resource url="http://ns.adobe.com/tiff/1.0/" />
    <ignored-resource url="http://ns.adobe.com/xap/1.0/" />
    <ignored-resource url="http://ns.adobe.com/xap/1.0/PLUS/" />
    <ignored-resource url="http://ns.adobe.com/xap/1.0/bj/" />
    <ignored-resource url="http://ns.adobe.com/xap/1.0/g/" />
    <ignored-resource url="http://ns.adobe.com/xap/1.0/g/img/" />
    <ignored-resource url="http://ns.adobe.com/xap/1.0/mm/" />
    <ignored-resource url="http://ns.adobe.com/xap/1.0/rights/" />
    <ignored-resource url="http://ns.adobe.com/xap/1.0/sType/Dimensions#" />
    <ignored-resource url="http://ns.adobe.com/xap/1.0/sType/Font#" />
    <ignored-resource url="http://ns.adobe.com/xap/1.0/sType/ManifestItem#" />
    <ignored-resource url="http://ns.adobe.com/xap/1.0/sType/ResourceEvent#" />
    <ignored-resource url="http://ns.adobe.com/xap/1.0/sType/ResourceRef#" />
    <ignored-resource url="http://ns.adobe.com/xap/1.0/t/pg/" />
    <ignored-resource url="http://ns.adobe.com/xmp/1.0/DynamicMedia/" />
    <ignored-resource url="http://ns.adobe.com/xmp/note/" />
    <ignored-resource url="http://ns.iview-multimedia.com/mediapro/1.0/" />
    <ignored-resource url="http://ns.microsoft.com/photo/1.0" />
    <ignored-resource url="http://ns.microsoft.com/photo/1.2/" />
    <ignored-resource url="http://ns.optimasc.com/dex/1.0/" />
    <ignored-resource url="http://ns.useplus.org/ldf/xmp/1.0/" />
    <ignored-resource url="http://oauth.net/" />
    <ignored-resource url="http://prismstandard.org/namespaces/basic/2.1/" />
    <ignored-resource url="http://prismstandard.org/namespaces/prismusagerights/2.1/" />
    <ignored-resource url="http://prismstandard.org/namespaces/prl/2.1/" />
    <ignored-resource url="http://purl.org/dc/elements/1.1/" />
    <ignored-resource url="http://sling.apache.org/jcr/event/1.0" />
    <ignored-resource url="http://sling.apache.org/jcr/sling/1.0" />
    <ignored-resource url="http://www.adobe.com/adobe_dam/1.0" />
    <ignored-resource url="http://www.adobe.com/aemfd/cm/1.0" />
    <ignored-resource url="http://www.adobe.com/aemfd/fd/1.0" />
    <ignored-resource url="http://www.adobe.com/jcr/granite/1.0" />
    <ignored-resource url="http://www.adobe.com/social/1.0" />
    <ignored-resource url="http://www.adobe.com/social/scg/1.0" />
    <ignored-resource url="http://www.day.com/crx/1.0" />
    <ignored-resource url="http://www.day.com/dam/1.0" />
    <ignored-resource url="http://www.day.com/jcr/cq/1.0" />
    <ignored-resource url="http://www.day.com/jcr/vault/1.0" />
    <ignored-resource url="http://www.day.com/s7sitecatalyst/1.0/" />
    <ignored-resource url="http://www.day.com/s7userdata/1.0/" />
    <ignored-resource url="http://www.day.com/viewerpreset/1.0/" />
    <ignored-resource url="http://www.jcp.org/jcr/1.0" />
    <ignored-resource url="http://www.jcp.org/jcr/mix/1.0" />
    <ignored-resource url="http://www.jcp.org/jcr/nt/1.0" />
    <ignored-resource url="http://www.jcp.org/jcr/sv/1.0" />
    <ignored-resource url="http://www.w3.org/1999/02/22-rdf-syntax-ns#" />
    <ignored-resource url="http://www.w3.org/XML/1998/namespace" />
    <ignored-resource url="http://xmp.gettyimages.com/gift/1.0/" />
    <ignored-resource url="internal" />
    <ignored-resource url="www.adobe.com/livecycle/lcc" />
  </component>
</application>