<application>
  <component name="ProjectManager">
    <defaultProject>
      <component name="CheckStyle-IDEA" serialisationVersion="2">
        <checkstyleVersion>10.21.0</checkstyleVersion>
        <scanScope>JavaOnly</scanScope>
        <option name="thirdPartyClasspath" />
        <option name="activeLocationIds" />
        <option name="locations">
          <list>
            <ConfigurationLocation id="bundled-sun-checks" type="BUNDLED" scope="All" description="Sun Checks">(bundled)</ConfigurationLocation>
            <ConfigurationLocation id="bundled-google-checks" type="BUNDLED" scope="All" description="Google Checks">(bundled)</ConfigurationLocation>
            <ConfigurationLocation id="d4f22129-f2b1-4efa-bb51-f7f6eebcdeaa" type="HTTP_URL" scope="All" description="basic">https://raw.githubusercontent.com/ciechanowiec/linux_mantra/master/resources/static_code_analysis/checkstyle.xml</ConfigurationLocation>
          </list>
        </option>
      </component>
      <component name="ExternalStorageConfigurationManager" enabled="true" />
      <component name="MavenImportPreferences">
        <option name="importingSettings">
          <MavenImportingSettings>
            <option name="downloadAnnotationsAutomatically" value="true" />
            <option name="downloadDocsAutomatically" value="true" />
            <option name="downloadSourcesAutomatically" value="true" />
          </MavenImportingSettings>
        </option>
      </component>
      <component name="ProjectLevelVcsManager">
        <ConfirmationsSetting value="1" id="Add" />
        <ConfirmationsSetting value="1" id="Remove" />
      </component>
      <component name="PropertiesComponent"><![CDATA[{
  "keyToString": {
    "settings.editor.selected.configurable": "org.infernus.idea.checkstyle.CheckStyleConfigurable"
  }
}]]></component>
      <component name="VcsDirectoryMappings" defaultProject="true" />
      <component name="WindowStateProjectService">
        <state x="469" y="194" key="SettingsEditor" timestamp="1734874811581">
          <screen x="0" y="25" width="1920" height="1055" />
        </state>
        <state x="469" y="194" key="SettingsEditor/0.25.1920.1055" timestamp="1734874811581" />
      </component>
    </defaultProject>
  </component>
</application>