<application>
  <component name="Trusted.Paths">
    <option name="TRUSTED_PROJECT_PATHS">
      <map>
        <entry key="$USER_HOME$/Downloads/linux_mantra-develop" value="true" />
        <entry key="$USER_HOME$/TEMP/demoproject" value="true" />
        <entry key="$USER_HOME$/TEMP/untitled" value="true" />
      </map>
    </option>
  </component>
  <component name="Trusted.Paths.Settings">
    <option name="TRUSTED_PATHS">
      <list>
        <option value="$USER_HOME$/TEMP" />
        <option value="$USER_HOME$/Downloads" />
      </list>
    </option>
  </component>
</application>