<application>
  <component name="WindowManager">
    <frame x="960" y="25" width="960" height="1055" />
  </component>
  <component name="WindowStateApplicationService">
    <state x="960" y="485" width="800" height="650" key="WELCOME_SCREEN.ideScale=90" timestamp="1734875640015">
      <screen x="0" y="25" width="1920" height="1055" />
    </state>
    <state x="960" y="485" width="800" height="650" key="WELCOME_SCREEN.ideScale=90/0.25.1920.1055" timestamp="1734875640015" />
  </component>
</application>